Name,ExternalId,Test Type,Date,Time,BW [KG],Reps,Tags,Additional Load [lb],CoP Range - Medial-Lateral [mm] (L),CoP Range - Medial-Lateral [mm] (R),CoP Range - Anterior-Posterior [mm] (L),CoP Range - Anterior-Posterior [mm] (R),CoP Total Excursion [mm] (L),CoP Total Excursion [mm] (R),CoP Mean Velocity [mm/s] (L),CoP Mean Velocity [mm/s] (R),Test Duration [s] (L),Test Duration [s] (R)
Mickey Mouse,DEMO101,SLSB,5/5/2025,10:55 AM,84.3,1,,0,27.5,21.2,44.1,39.2,496,444,24.8,22.2,20,20
Mickey Mouse,DEMO101,SLSB,6/18/2025,10:13 AM,84.3,1,,0,24.7,28.7,38.6,42.6,469,516,23.5,25.8,20,20
Mickey Mouse,DEMO101,SLSB,7/28/2025,11:41 AM,84.3,1,,0,26.8,24.0,40.6,38.0,492,463,24.6,23.1,20,20
Mickey Mouse,DEMO101,SLSB,9/8/2025,10:45 AM,84.3,1,,0,26.3,25.0,43.6,35.8,466,431,23.3,21.5,20,20
Mickey Mouse,DEMO101,SLSB,1/5/2026,1:00 PM,84.3,1,,0,21.6,43.4,44.2,79.8,447,870,22.3,43.5,20,20
Mickey Mouse,DEMO101,SLSB,1/26/2026,1:57 PM,84.3,1,,0,22.5,36.7,37.5,64.3,465,753,23.2,37.7,20,20
Mickey Mouse,DEMO101,SLSB,2/16/2026,2:04 PM,84.3,1,,0,24.0,36.1,43.5,67.1,499,704,25.0,35.2,20,20
Mickey Mouse,DEMO101,SLSB,3/9/2026,1:08 PM,84.3,1,,0,22.9,30.9,44.5,61.5,481,619,24.1,31.0,20,20
Mickey Mouse,DEMO101,SLSB,4/1/2026,10:33 AM,84.3,1,,0,23.3,32.6,39.3,52.4,444,605,22.2,30.2,20,20
Mickey Mouse,DEMO101,SLSB,4/22/2026,10:48 AM,84.3,1,,0,29.2,24.1,48.7,50.7,491,514,24.5,25.7,20,20
Mickey Mouse,DEMO101,SLSB,5/11/2026,2:29 PM,84.3,1,,0,22.8,24.3,44.6,44.3,480,497,24.0,24.8,20,20
Mickey Mouse,DEMO101,SLSB,6/2/2026,9:55 AM,84.3,1,,0,22.5,30.2,37.2,46.9,459,552,22.9,27.6,20,20
Mickey Mouse,DEMO101,SLSB,6/22/2026,10:35 AM,84.3,1,,0,24.8,20.4,41.5,41.8,502,433,25.1,21.6,20,20
Mickey Mouse,DEMO101,SLSB,7/15/2026,8:18 AM,84.3,1,,0,27.1,21.5,42.5,43.5,487,447,24.3,22.3,20,20
Mickey Mouse,DEMO101,SLSB,8/3/2026,11:24 AM,84.3,1,,0,27.9,26.4,42.2,48.2,504,484,25.2,24.2,20,20
Mickey Mouse,DEMO101,SLSB,8/24/2026,9:31 AM,84.3,1,,0,22.2,24.4,41.2,40.0,463,493,23.2,24.6,20,20
Mickey Mouse,DEMO101,SLSB,9/16/2026,10:55 AM,84.3,1,,0,25.1,27.6,40.0,44.1,473,497,23.6,24.8,20,20
Oswald the Lucky Rabbit,DEMO102,SLSB,8/5/2025,8:21 AM,84.0,1,,0,21.0,22.0,39.0,39.9,450,459,22.5,23.0,20,20
Oswald the Lucky Rabbit,DEMO102,SLSB,9/17/2025,8:49 AM,84.0,1,,0,26.0,20.7,44.4,40.1,454,452,22.7,22.6,20,20
Oswald the Lucky Rabbit,DEMO102,SLSB,10/27/2025,2:53 PM,84.0,1,,0,22.7,19.7,40.7,32.8,463,386,23.1,19.3,20,20
Oswald the Lucky Rabbit,DEMO102,SLSB,12/10/2025,10:20 AM,84.0,1,,0,18.8,27.3,35.3,43.6,376,485,18.8,24.3,20,20
Oswald the Lucky Rabbit,DEMO102,SLSB,4/7/2026,9:13 AM,84.0,1,,0,40.0,23.8,79.5,41.7,810,443,40.5,22.1,20,20
Oswald the Lucky Rabbit,DEMO102,SLSB,4/27/2026,2:20 PM,84.0,1,,0,44.5,20.4,71.4,35.8,753,421,37.6,21.1,20,20
Oswald the Lucky Rabbit,DEMO102,SLSB,5/20/2026,2:13 PM,84.0,1,,0,34.1,21.5,59.8,40.9,607,437,30.3,21.9,20,20
Oswald the Lucky Rabbit,DEMO102,SLSB,6/8/2026,2:03 PM,84.0,1,,0,30.5,28.7,51.3,44.9,613,492,30.6,24.6,20,20
Oswald the Lucky Rabbit,DEMO102,SLSB,6/29/2026,9:11 AM,84.0,1,,0,22.6,22.3,45.4,41.3,475,441,23.7,22.1,20,20
Oswald the Lucky Rabbit,DEMO102,SLSB,7/21/2026,8:07 AM,84.0,1,,0,27.8,18.9,48.3,37.1,507,405,25.4,20.3,20,20
Oswald the Lucky Rabbit,DEMO102,SLSB,8/10/2026,8:11 AM,84.0,1,,0,27.3,22.0,47.3,40.1,486,451,24.3,22.5,20,20
Oswald the Lucky Rabbit,DEMO102,SLSB,8/31/2026,2:40 PM,84.0,1,,0,24.0,19.6,38.1,34.1,425,416,21.2,20.8,20,20
Oswald the Lucky Rabbit,DEMO102,SLSB,9/21/2026,2:29 PM,84.0,1,,0,24.7,26.9,39.7,37.9,464,458,23.2,22.9,20,20
Pete,DEMO103,SLSB,9/2/2025,10:28 AM,94.0,1,,0,28.5,28.7,48.8,47.1,502,521,25.1,26.0,20,20
Pete,DEMO103,SLSB,10/14/2025,10:46 AM,94.0,1,,0,28.3,23.3,45.5,41.5,496,477,24.8,23.9,20,20
Pete,DEMO103,SLSB,11/26/2025,2:50 PM,94.0,1,,0,31.1,23.5,45.0,38.3,523,479,26.1,23.9,20,20
Pete,DEMO103,SLSB,1/6/2026,10:20 AM,94.0,1,,0,23.7,30.3,42.4,50.5,471,560,23.6,28.0,20,20
Pete,DEMO103,SLSB,5/5/2026,2:29 PM,94.0,1,,0,25.5,42.4,45.5,78.6,506,903,25.3,45.2,20,20
Pete,DEMO103,SLSB,5/25/2026,2:40 PM,94.0,1,,0,28.5,49.5,51.1,70.1,540,861,27.0,43.1,20,20
Pete,DEMO103,SLSB,6/16/2026,8:57 AM,94.0,1,,0,31.8,32.2,44.3,62.9,531,697,26.5,34.8,20,20
Pete,DEMO103,SLSB,7/6/2026,1:30 PM,94.0,1,,0,29.8,36.7,46.1,65.3,511,695,25.6,34.8,20,20
Pete,DEMO103,SLSB,7/27/2026,8:27 AM,94.0,1,,0,25.3,37.0,45.5,66.1,511,675,25.6,33.8,20,20
Pete,DEMO103,SLSB,8/18/2026,10:53 AM,94.0,1,,0,24.0,33.2,43.2,55.5,506,610,25.3,30.5,20,20
Pete,DEMO103,SLSB,9/28/2026,10:26 AM,94.0,1,,0,23.6,37.1,50.8,62.9,520,675,26.0,33.7,20,20
