Name,ExternalId,Date,Time,Test,Direction,Position,Mode,L Reps,R Reps,L Max Force (N),R Max Force (N),Max Imbalance,L Avg Force (N),R Avg Force (N),Avg Imbalance,L Max RFD (N/s),R Max RFD (N/s),Tags
Mickey Mouse,DEMO101,5/5/2025,9:16 AM,Knee Extension,Pull,Knee Extension - Seated (90),ISO,3,3,526.3,490.2,6.9,470.8,434.8,7.6,3234,2838,
Mickey Mouse,DEMO101,5/5/2025,9:16 AM,Knee Flexion,Pull,Knee Flexion - Custom,ISO,3,3,255.1,257.1,0.8,235.3,230.2,2.2,1549,1537,
Mickey Mouse,DEMO101,5/5/2025,9:16 AM,Hip Extension,Pull,Hip Extension - Prone,ISO,3,3,391.8,400.2,2.1,340.2,357.5,4.8,2623,2478,
Mickey Mouse,DEMO101,5/27/2025,9:00 AM,Knee Extension,Pull,Knee Extension - Seated (90),ISO,3,3,503.2,542.4,7.2,447.6,495.1,9.6,3176,3178,
Mickey Mouse,DEMO101,5/27/2025,9:00 AM,Knee Flexion,Pull,Knee Flexion - Custom,ISO,3,3,260.4,247.5,5.0,228.3,221.4,3.0,1649,1579,
Mickey Mouse,DEMO101,5/27/2025,9:00 AM,Hip Extension,Pull,Hip Extension - Prone,ISO,3,3,370.7,375.3,1.2,343.6,348.5,1.4,2365,2208,
Mickey Mouse,DEMO101,6/17/2025,10:28 AM,Knee Extension,Pull,Knee Extension - Seated (90),ISO,3,3,521.1,533.6,2.4,458.6,462.3,0.8,3251,3181,
Mickey Mouse,DEMO101,6/17/2025,10:28 AM,Knee Flexion,Pull,Knee Flexion - Custom,ISO,3,3,220.1,225.1,2.2,189.7,193.7,2.1,1390,1467,
Mickey Mouse,DEMO101,6/17/2025,10:28 AM,Hip Extension,Pull,Hip Extension - Prone,ISO,3,3,398.9,403.4,1.1,345.3,354.6,2.6,2284,2478,
Mickey Mouse,DEMO101,7/9/2025,11:55 AM,Knee Extension,Pull,Knee Extension - Seated (90),ISO,3,3,558.1,561.3,0.6,492.2,498.2,1.2,3645,3844,
Mickey Mouse,DEMO101,7/9/2025,11:55 AM,Knee Flexion,Pull,Knee Flexion - Custom,ISO,3,3,239.1,235.0,1.7,220.1,212.0,3.7,1391,1321,
Mickey Mouse,DEMO101,7/9/2025,11:55 AM,Hip Extension,Pull,Hip Extension - Prone,ISO,3,3,374.9,388.4,3.5,343.2,340.2,0.9,2242,2561,
Mickey Mouse,DEMO101,7/29/2025,9:12 AM,Knee Extension,Pull,Knee Extension - Seated (90),ISO,3,3,489.0,552.4,11.5,445.8,512.9,13.1,2997,3494,
Mickey Mouse,DEMO101,7/29/2025,9:12 AM,Knee Flexion,Pull,Knee Flexion - Custom,ISO,3,3,229.2,231.7,1.1,204.3,211.5,3.4,1352,1424,
Mickey Mouse,DEMO101,7/29/2025,9:12 AM,Hip Extension,Pull,Hip Extension - Prone,ISO,3,3,387.9,376.4,3.0,334.0,345.0,3.2,2411,2263,
Mickey Mouse,DEMO101,8/18/2025,10:20 AM,Knee Extension,Pull,Knee Extension - Seated (90),ISO,3,3,555.3,541.8,2.4,513.5,475.4,7.4,3564,3220,
Mickey Mouse,DEMO101,8/18/2025,10:20 AM,Knee Flexion,Pull,Knee Flexion - Custom,ISO,3,3,256.1,240.9,5.9,228.4,218.0,4.6,1584,1585,
Mickey Mouse,DEMO101,8/18/2025,10:20 AM,Hip Extension,Pull,Hip Extension - Prone,ISO,3,3,352.4,379.5,7.1,305.8,346.4,11.7,2211,2236,
Mickey Mouse,DEMO101,9/8/2025,2:55 PM,Knee Extension,Pull,Knee Extension - Seated (90),ISO,3,3,540.8,497.3,8.0,500.5,444.0,11.3,3273,3206,
Mickey Mouse,DEMO101,9/8/2025,2:55 PM,Knee Flexion,Pull,Knee Flexion - Custom,ISO,3,3,249.8,239.6,4.1,228.1,206.4,9.5,1438,1484,
Mickey Mouse,DEMO101,9/8/2025,2:55 PM,Hip Extension,Pull,Hip Extension - Prone,ISO,3,3,393.3,367.7,6.5,357.2,325.2,9.0,2702,2237,
Mickey Mouse,DEMO101,10/1/2025,11:04 AM,Knee Extension,Pull,Knee Extension - Seated (90),ISO,3,3,522.2,510.3,2.3,452.0,472.8,4.4,3375,3258,
Mickey Mouse,DEMO101,10/1/2025,11:04 AM,Knee Flexion,Pull,Knee Flexion - Custom,ISO,3,3,222.2,238.3,6.7,198.3,205.0,3.2,1289,1408,
Mickey Mouse,DEMO101,10/1/2025,11:04 AM,Hip Extension,Pull,Hip Extension - Prone,ISO,3,3,384.1,383.8,0.1,350.4,338.6,3.4,2432,2397,
Mickey Mouse,DEMO101,12/10/2025,8:55 AM,Knee Extension,Pull,Knee Extension - Seated (90),ISO,3,3,488.1,361.4,25.9,426.6,323.4,24.2,2969,1874,
Mickey Mouse,DEMO101,12/10/2025,8:55 AM,Knee Flexion,Pull,Knee Flexion - Custom,ISO,3,3,231.5,205.3,11.3,205.3,180.5,12.1,1583,1057,
Mickey Mouse,DEMO101,12/10/2025,8:55 AM,Hip Extension,Pull,Hip Extension - Prone,ISO,3,3,337.6,307.9,8.8,295.1,276.3,6.4,2190,1476,
Mickey Mouse,DEMO101,12/30/2025,9:11 AM,Knee Extension,Pull,Knee Extension - Seated (90),ISO,3,3,480.8,383.2,20.3,426.2,330.2,22.5,3038,1957,
Mickey Mouse,DEMO101,12/30/2025,9:11 AM,Knee Flexion,Pull,Knee Flexion - Custom,ISO,3,3,225.1,191.0,15.2,195.9,176.6,9.8,1355,990,
Mickey Mouse,DEMO101,12/30/2025,9:11 AM,Hip Extension,Pull,Hip Extension - Prone,ISO,3,3,357.7,346.7,3.1,328.6,301.5,8.3,2135,2084,
Mickey Mouse,DEMO101,1/19/2026,9:28 AM,Knee Extension,Pull,Knee Extension - Seated (90),ISO,3,3,463.6,401.5,13.4,408.3,367.4,10.0,3040,2200,
Mickey Mouse,DEMO101,1/19/2026,9:28 AM,Knee Flexion,Pull,Knee Flexion - Custom,ISO,3,3,229.9,186.3,19.0,203.4,167.3,17.7,1493,973,
Mickey Mouse,DEMO101,1/19/2026,9:28 AM,Hip Extension,Pull,Hip Extension - Prone,ISO,3,3,359.0,366.0,1.9,309.8,316.6,2.2,2326,2130,
Mickey Mouse,DEMO101,2/9/2026,11:29 AM,Knee Extension,Pull,Knee Extension - Seated (90),ISO,3,3,484.7,414.9,14.4,437.6,367.2,16.1,2894,2306,
Mickey Mouse,DEMO101,2/9/2026,11:29 AM,Knee Flexion,Pull,Knee Flexion - Custom,ISO,3,3,237.6,211.0,11.2,216.1,190.4,11.9,1435,1190,
Mickey Mouse,DEMO101,2/9/2026,11:29 AM,Hip Extension,Pull,Hip Extension - Prone,ISO,3,3,401.3,341.4,14.9,359.4,312.5,13.1,2526,2045,
Mickey Mouse,DEMO101,3/2/2026,10:11 AM,Knee Extension,Pull,Knee Extension - Seated (90),ISO,3,3,514.4,433.2,15.8,478.0,389.3,18.6,3325,2438,
Mickey Mouse,DEMO101,3/2/2026,10:11 AM,Knee Flexion,Pull,Knee Flexion - Custom,ISO,3,3,235.7,203.4,13.7,213.4,177.9,16.6,1371,1078,
Mickey Mouse,DEMO101,3/2/2026,10:11 AM,Hip Extension,Pull,Hip Extension - Prone,ISO,3,3,366.8,359.4,2.0,317.9,330.2,3.7,2289,2300,
Mickey Mouse,DEMO101,3/23/2026,1:58 PM,Knee Extension,Pull,Knee Extension - Seated (90),ISO,3,3,511.3,449.3,12.1,474.7,407.6,14.1,3061,2547,
Mickey Mouse,DEMO101,3/23/2026,1:58 PM,Knee Flexion,Pull,Knee Flexion - Custom,ISO,3,3,244.6,248.0,1.4,221.8,214.4,3.3,1582,1503,
Mickey Mouse,DEMO101,3/23/2026,1:58 PM,Hip Extension,Pull,Hip Extension - Prone,ISO,3,3,404.1,375.8,7.0,365.9,330.5,9.7,2188,2037,
Mickey Mouse,DEMO101,4/13/2026,2:20 PM,Knee Extension,Pull,Knee Extension - Seated (90),ISO,3,3,525.0,491.5,6.4,475.8,451.9,5.0,3407,2933,
Mickey Mouse,DEMO101,4/13/2026,2:20 PM,Knee Flexion,Pull,Knee Flexion - Custom,ISO,3,3,234.5,209.9,10.5,218.1,186.8,14.3,1387,1348,
Mickey Mouse,DEMO101,4/13/2026,2:20 PM,Hip Extension,Pull,Hip Extension - Prone,ISO,3,3,355.7,378.9,6.1,307.5,337.8,9.0,2403,2175,
Mickey Mouse,DEMO101,5/4/2026,11:06 AM,Knee Extension,Pull,Knee Extension - Seated (90),ISO,3,3,516.4,498.7,3.4,468.9,444.1,5.3,3119,2848,
Mickey Mouse,DEMO101,5/4/2026,11:06 AM,Knee Flexion,Pull,Knee Flexion - Custom,ISO,3,3,244.9,259.4,5.6,223.0,233.2,4.4,1462,1620,
Mickey Mouse,DEMO101,5/4/2026,11:06 AM,Hip Extension,Pull,Hip Extension - Prone,ISO,3,3,397.0,405.4,2.1,358.1,372.3,3.8,2309,2580,
Mickey Mouse,DEMO101,5/27/2026,2:39 PM,Knee Extension,Pull,Knee Extension - Seated (90),ISO,3,3,527.7,503.4,4.6,489.8,462.7,5.5,3221,2638,
Mickey Mouse,DEMO101,5/27/2026,2:39 PM,Knee Flexion,Pull,Knee Flexion - Custom,ISO,3,3,240.2,245.7,2.2,208.0,216.1,3.7,1646,1458,
Mickey Mouse,DEMO101,5/27/2026,2:39 PM,Hip Extension,Pull,Hip Extension - Prone,ISO,3,3,399.6,365.9,8.4,351.9,318.1,9.6,2508,1996,
Mickey Mouse,DEMO101,6/17/2026,8:07 AM,Knee Extension,Pull,Knee Extension - Seated (90),ISO,3,3,526.6,513.3,2.5,455.0,468.6,2.9,3395,2786,
Mickey Mouse,DEMO101,6/17/2026,8:07 AM,Knee Flexion,Pull,Knee Flexion - Custom,ISO,3,3,231.3,242.9,4.8,202.0,209.0,3.3,1473,1554,
Mickey Mouse,DEMO101,6/17/2026,8:07 AM,Hip Extension,Pull,Hip Extension - Prone,ISO,3,3,377.2,354.4,6.0,330.4,325.0,1.6,2141,2185,
Mickey Mouse,DEMO101,7/8/2026,8:16 AM,Knee Extension,Pull,Knee Extension - Seated (90),ISO,3,3,520.9,490.4,5.9,450.0,447.0,0.7,3411,2621,
Mickey Mouse,DEMO101,7/8/2026,8:16 AM,Knee Flexion,Pull,Knee Flexion - Custom,ISO,3,3,239.7,250.1,4.2,216.6,222.2,2.5,1653,1424,
Mickey Mouse,DEMO101,7/8/2026,8:16 AM,Hip Extension,Pull,Hip Extension - Prone,ISO,3,3,387.0,359.4,7.1,355.8,315.9,11.2,2318,2205,
Mickey Mouse,DEMO101,7/27/2026,11:31 AM,Knee Extension,Pull,Knee Extension - Seated (90),ISO,3,3,517.0,454.2,12.1,458.9,414.8,9.6,2983,2426,
Mickey Mouse,DEMO101,7/27/2026,11:31 AM,Knee Flexion,Pull,Knee Flexion - Custom,ISO,3,3,236.7,262.7,9.9,219.0,242.7,9.8,1465,1646,
Mickey Mouse,DEMO101,7/27/2026,11:31 AM,Hip Extension,Pull,Hip Extension - Prone,ISO,3,3,379.1,365.3,3.6,330.3,321.6,2.6,2083,2276,
Mickey Mouse,DEMO101,8/19/2026,1:34 PM,Knee Extension,Pull,Knee Extension - Seated (90),ISO,3,3,496.2,541.9,8.4,450.2,474.7,5.2,3130,3036,
Mickey Mouse,DEMO101,8/19/2026,1:34 PM,Knee Flexion,Pull,Knee Flexion - Custom,ISO,3,3,245.5,247.6,0.8,216.8,229.2,5.4,1447,1461,
Mickey Mouse,DEMO101,8/19/2026,1:34 PM,Hip Extension,Pull,Hip Extension - Prone,ISO,3,3,367.3,395.2,7.1,332.6,365.2,8.9,1983,2311,
Mickey Mouse,DEMO101,9/9/2026,11:26 AM,Knee Extension,Pull,Knee Extension - Seated (90),ISO,3,3,525.6,539.3,2.5,486.3,489.2,0.6,3426,3526,
Mickey Mouse,DEMO101,9/9/2026,11:26 AM,Knee Flexion,Pull,Knee Flexion - Custom,ISO,3,3,226.9,226.7,0.1,210.1,206.0,1.9,1417,1327,
Mickey Mouse,DEMO101,9/9/2026,11:26 AM,Hip Extension,Pull,Hip Extension - Prone,ISO,3,3,401.5,416.3,3.6,371.0,359.8,3.0,2446,2365,
Mickey Mouse,DEMO101,9/28/2026,8:44 AM,Knee Extension,Pull,Knee Extension - Seated (90),ISO,3,3,454.5,504.7,9.9,402.1,458.6,12.3,2985,3288,
Mickey Mouse,DEMO101,9/28/2026,8:44 AM,Knee Flexion,Pull,Knee Flexion - Custom,ISO,3,3,236.7,236.9,0.1,204.6,214.0,4.4,1452,1382,
Mickey Mouse,DEMO101,9/28/2026,8:44 AM,Hip Extension,Pull,Hip Extension - Prone,ISO,3,3,372.2,372.3,0.0,331.0,345.7,4.3,2241,2253,
Oswald the Lucky Rabbit,DEMO102,8/4/2025,11:01 AM,Knee Extension,Pull,Knee Extension - Seated (90),ISO,3,3,429.6,455.0,5.6,372.5,419.3,11.1,2721,2855,
Oswald the Lucky Rabbit,DEMO102,8/4/2025,11:01 AM,Knee Flexion,Pull,Knee Flexion - Custom,ISO,3,3,299.5,304.4,1.6,270.3,264.7,2.1,1748,2072,
Oswald the Lucky Rabbit,DEMO102,8/4/2025,11:01 AM,Hip Extension,Pull,Hip Extension - Prone,ISO,3,3,355.0,342.0,3.7,321.3,297.6,7.4,2166,2106,
Oswald the Lucky Rabbit,DEMO102,8/25/2025,1:16 PM,Knee Extension,Pull,Knee Extension - Seated (90),ISO,3,3,442.6,410.5,7.2,402.8,353.2,12.3,3009,2582,
Oswald the Lucky Rabbit,DEMO102,8/25/2025,1:16 PM,Knee Flexion,Pull,Knee Flexion - Custom,ISO,3,3,293.1,310.3,5.5,262.8,278.4,5.6,1663,1929,
Oswald the Lucky Rabbit,DEMO102,8/25/2025,1:16 PM,Hip Extension,Pull,Hip Extension - Prone,ISO,3,3,344.3,321.1,6.7,317.9,279.6,12.0,2167,2193,
Oswald the Lucky Rabbit,DEMO102,10/28/2025,8:32 AM,Knee Extension,Pull,Knee Extension - Seated (90),ISO,3,3,445.6,424.8,4.7,411.9,370.8,10.0,2837,2391,
Oswald the Lucky Rabbit,DEMO102,10/28/2025,8:32 AM,Knee Flexion,Pull,Knee Flexion - Custom,ISO,3,3,312.1,309.6,0.8,290.1,267.2,7.9,1845,1853,
Oswald the Lucky Rabbit,DEMO102,10/28/2025,8:32 AM,Hip Extension,Pull,Hip Extension - Prone,ISO,3,3,351.7,332.2,5.6,317.4,295.9,6.8,2157,1856,
Oswald the Lucky Rabbit,DEMO102,11/17/2025,10:09 AM,Knee Extension,Pull,Knee Extension - Seated (90),ISO,3,3,441.3,456.5,3.3,389.9,398.8,2.2,2722,2722,
Oswald the Lucky Rabbit,DEMO102,11/17/2025,10:09 AM,Knee Flexion,Pull,Knee Flexion - Custom,ISO,3,3,318.3,319.9,0.5,279.8,290.1,3.6,1988,1960,
Oswald the Lucky Rabbit,DEMO102,11/17/2025,10:09 AM,Hip Extension,Pull,Hip Extension - Prone,ISO,3,3,320.4,344.6,7.0,292.3,307.4,4.9,2087,2091,
Oswald the Lucky Rabbit,DEMO102,12/9/2025,2:23 PM,Knee Extension,Pull,Knee Extension - Seated (90),ISO,3,3,411.4,431.5,4.6,365.7,374.4,2.3,2441,2734,
Oswald the Lucky Rabbit,DEMO102,12/9/2025,2:23 PM,Knee Flexion,Pull,Knee Flexion - Custom,ISO,3,3,307.7,286.3,7.0,266.3,260.3,2.3,1950,1844,
Oswald the Lucky Rabbit,DEMO102,12/9/2025,2:23 PM,Hip Extension,Pull,Hip Extension - Prone,ISO,3,3,326.3,347.1,6.0,295.5,308.4,4.2,1948,2108,
Oswald the Lucky Rabbit,DEMO102,12/31/2025,1:42 PM,Knee Extension,Pull,Knee Extension - Seated (90),ISO,3,3,446.7,452.3,1.2,395.1,403.6,2.1,2676,2789,
Oswald the Lucky Rabbit,DEMO102,12/31/2025,1:42 PM,Knee Flexion,Pull,Knee Flexion - Custom,ISO,3,3,331.1,343.0,3.5,290.9,299.5,2.9,2007,2073,
Oswald the Lucky Rabbit,DEMO102,12/31/2025,1:42 PM,Hip Extension,Pull,Hip Extension - Prone,ISO,3,3,334.3,333.9,0.1,291.7,297.9,2.1,1909,2208,
Oswald the Lucky Rabbit,DEMO102,3/11/2026,2:56 PM,Knee Extension,Pull,Knee Extension - Seated (90),ISO,3,3,288.9,398.0,27.4,261.1,343.0,23.9,1423,2341,
Oswald the Lucky Rabbit,DEMO102,3/11/2026,2:56 PM,Knee Flexion,Pull,Knee Flexion - Custom,ISO,3,3,240.9,290.7,17.1,216.0,256.9,15.9,1211,1732,
Oswald the Lucky Rabbit,DEMO102,3/11/2026,2:56 PM,Hip Extension,Pull,Hip Extension - Prone,ISO,3,3,285.7,304.6,6.2,252.6,271.7,7.0,1622,1949,
Oswald the Lucky Rabbit,DEMO102,3/30/2026,2:58 PM,Knee Extension,Pull,Knee Extension - Seated (90),ISO,3,3,319.1,416.0,23.3,276.8,375.6,26.3,1718,2504,
Oswald the Lucky Rabbit,DEMO102,3/30/2026,2:58 PM,Knee Flexion,Pull,Knee Flexion - Custom,ISO,3,3,235.5,281.8,16.4,216.2,243.2,11.1,1100,1670,
Oswald the Lucky Rabbit,DEMO102,3/30/2026,2:58 PM,Hip Extension,Pull,Hip Extension - Prone,ISO,3,3,306.1,317.0,3.4,277.8,279.7,0.7,1688,1783,
Oswald the Lucky Rabbit,DEMO102,4/20/2026,11:36 AM,Knee Extension,Pull,Knee Extension - Seated (90),ISO,3,3,338.1,439.3,23.0,308.0,391.3,21.3,1757,3050,
Oswald the Lucky Rabbit,DEMO102,4/20/2026,11:36 AM,Knee Flexion,Pull,Knee Flexion - Custom,ISO,3,3,252.6,268.3,5.9,221.2,236.7,6.6,1401,1570,
Oswald the Lucky Rabbit,DEMO102,4/20/2026,11:36 AM,Hip Extension,Pull,Hip Extension - Prone,ISO,3,3,285.8,312.6,8.6,256.2,285.5,10.3,1624,1902,
Oswald the Lucky Rabbit,DEMO102,5/11/2026,9:02 AM,Knee Extension,Pull,Knee Extension - Seated (90),ISO,3,3,353.1,402.3,12.2,323.6,350.3,7.6,2037,2397,
Oswald the Lucky Rabbit,DEMO102,5/11/2026,9:02 AM,Knee Flexion,Pull,Knee Flexion - Custom,ISO,3,3,313.7,294.1,6.2,281.8,268.1,4.9,1736,1819,
Oswald the Lucky Rabbit,DEMO102,5/11/2026,9:02 AM,Hip Extension,Pull,Hip Extension - Prone,ISO,3,3,353.3,314.2,11.1,312.7,284.2,9.1,1990,2045,
Oswald the Lucky Rabbit,DEMO102,6/23/2026,10:40 AM,Knee Extension,Pull,Knee Extension - Seated (90),ISO,3,3,367.8,407.6,9.8,326.9,375.6,13.0,2035,2603,
Oswald the Lucky Rabbit,DEMO102,6/23/2026,10:40 AM,Knee Flexion,Pull,Knee Flexion - Custom,ISO,3,3,285.8,318.2,10.2,247.1,283.7,12.9,1605,2053,
Oswald the Lucky Rabbit,DEMO102,6/23/2026,10:40 AM,Hip Extension,Pull,Hip Extension - Prone,ISO,3,3,332.0,317.2,4.5,289.8,278.7,3.8,1832,1924,
Oswald the Lucky Rabbit,DEMO102,7/13/2026,8:04 AM,Knee Extension,Pull,Knee Extension - Seated (90),ISO,3,3,346.3,432.2,19.9,309.8,392.4,21.0,1864,2767,
Oswald the Lucky Rabbit,DEMO102,7/13/2026,8:04 AM,Knee Flexion,Pull,Knee Flexion - Custom,ISO,3,3,274.3,309.3,11.3,243.2,287.2,15.3,1596,1962,
Oswald the Lucky Rabbit,DEMO102,7/13/2026,8:04 AM,Hip Extension,Pull,Hip Extension - Prone,ISO,3,3,349.0,328.0,6.0,320.5,304.8,4.9,2298,1929,
Oswald the Lucky Rabbit,DEMO102,8/3/2026,8:28 AM,Knee Extension,Pull,Knee Extension - Seated (90),ISO,3,3,363.3,444.2,18.2,332.2,383.0,13.3,2020,2768,
Oswald the Lucky Rabbit,DEMO102,8/3/2026,8:28 AM,Knee Flexion,Pull,Knee Flexion - Custom,ISO,3,3,345.8,290.6,16.0,316.3,270.0,14.6,1938,1890,
Oswald the Lucky Rabbit,DEMO102,8/3/2026,8:28 AM,Hip Extension,Pull,Hip Extension - Prone,ISO,3,3,339.1,347.5,2.4,294.1,302.9,2.9,1785,2173,
Oswald the Lucky Rabbit,DEMO102,8/24/2026,9:32 AM,Knee Extension,Pull,Knee Extension - Seated (90),ISO,3,3,434.8,434.3,0.1,397.2,383.6,3.4,2472,2466,
Oswald the Lucky Rabbit,DEMO102,8/24/2026,9:32 AM,Knee Flexion,Pull,Knee Flexion - Custom,ISO,3,3,303.8,318.0,4.5,278.9,289.1,3.5,1815,2075,
Oswald the Lucky Rabbit,DEMO102,8/24/2026,9:32 AM,Hip Extension,Pull,Hip Extension - Prone,ISO,3,3,341.3,319.9,6.3,311.1,290.4,6.6,2064,2043,
Oswald the Lucky Rabbit,DEMO102,9/14/2026,8:21 AM,Knee Extension,Pull,Knee Extension - Seated (90),ISO,3,3,422.7,432.5,2.3,382.7,379.4,0.9,2445,2813,
Oswald the Lucky Rabbit,DEMO102,9/14/2026,8:21 AM,Knee Flexion,Pull,Knee Flexion - Custom,ISO,3,3,303.5,315.9,3.9,266.2,281.0,5.3,1945,2094,
Oswald the Lucky Rabbit,DEMO102,9/14/2026,8:21 AM,Hip Extension,Pull,Hip Extension - Prone,ISO,3,3,363.2,344.3,5.2,312.8,309.0,1.2,2155,2191,
Pete,DEMO103,9/1/2025,11:23 AM,Knee Extension,Pull,Knee Extension - Seated (90),ISO,3,3,517.8,504.2,2.6,476.3,459.2,3.6,3109,3127,
Pete,DEMO103,9/1/2025,11:23 AM,Knee Flexion,Pull,Knee Flexion - Custom,ISO,3,3,328.0,337.7,2.9,290.7,304.8,4.6,1910,2087,
Pete,DEMO103,9/1/2025,11:23 AM,Hip Extension,Pull,Hip Extension - Prone,ISO,3,3,299.0,309.0,3.3,272.9,284.6,4.1,1915,2011,
Pete,DEMO103,9/24/2025,11:53 AM,Knee Extension,Pull,Knee Extension - Seated (90),ISO,3,3,547.1,539.2,1.4,474.4,489.5,3.1,3828,3353,
Pete,DEMO103,9/24/2025,11:53 AM,Knee Flexion,Pull,Knee Flexion - Custom,ISO,3,3,332.4,317.9,4.4,300.5,279.0,7.2,2074,2032,
Pete,DEMO103,9/24/2025,11:53 AM,Hip Extension,Pull,Hip Extension - Prone,ISO,3,3,299.3,294.2,1.7,263.2,254.5,3.3,1711,1900,
Pete,DEMO103,10/14/2025,2:01 PM,Knee Extension,Pull,Knee Extension - Seated (90),ISO,3,3,559.5,531.6,5.0,514.2,470.7,8.4,3182,3210,
Pete,DEMO103,10/14/2025,2:01 PM,Knee Flexion,Pull,Knee Flexion - Custom,ISO,3,3,335.5,351.3,4.5,291.7,310.5,6.0,2173,2277,
Pete,DEMO103,10/14/2025,2:01 PM,Hip Extension,Pull,Hip Extension - Prone,ISO,3,3,318.2,321.5,1.0,280.6,278.2,0.9,2095,1848,
Pete,DEMO103,11/3/2025,9:27 AM,Knee Extension,Pull,Knee Extension - Seated (90),ISO,3,3,509.1,560.0,9.1,465.0,503.0,7.6,3293,3282,
Pete,DEMO103,11/3/2025,9:27 AM,Knee Flexion,Pull,Knee Flexion - Custom,ISO,3,3,366.9,338.8,7.7,328.1,309.8,5.6,2270,2323,
Pete,DEMO103,11/3/2025,9:27 AM,Hip Extension,Pull,Hip Extension - Prone,ISO,3,3,300.1,305.3,1.7,264.7,279.6,5.3,1839,1913,
Pete,DEMO103,11/24/2025,10:31 AM,Knee Extension,Pull,Knee Extension - Seated (90),ISO,3,3,510.0,513.1,0.6,455.3,441.7,3.0,3372,3144,
Pete,DEMO103,11/24/2025,10:31 AM,Knee Flexion,Pull,Knee Flexion - Custom,ISO,3,3,325.4,347.6,6.4,291.9,320.4,8.9,1957,2185,
Pete,DEMO103,11/24/2025,10:31 AM,Hip Extension,Pull,Hip Extension - Prone,ISO,3,3,316.3,307.0,2.9,284.8,266.3,6.5,2199,1951,
Pete,DEMO103,1/5/2026,10:41 AM,Knee Extension,Pull,Knee Extension - Seated (90),ISO,3,3,609.5,551.2,9.6,543.0,491.4,9.5,3983,3627,
Pete,DEMO103,1/5/2026,10:41 AM,Knee Flexion,Pull,Knee Flexion - Custom,ISO,3,3,342.8,359.5,4.7,317.9,327.3,2.9,2275,2205,
Pete,DEMO103,1/5/2026,10:41 AM,Hip Extension,Pull,Hip Extension - Prone,ISO,3,3,319.7,312.8,2.2,287.9,279.0,3.1,1958,2041,
Pete,DEMO103,4/6/2026,2:16 PM,Knee Extension,Pull,Knee Extension - Seated (90),ISO,3,3,488.1,321.0,34.2,420.9,297.6,29.3,2965,1533,
Pete,DEMO103,4/6/2026,2:16 PM,Knee Flexion,Pull,Knee Flexion - Custom,ISO,3,3,322.5,257.9,20.0,283.1,230.7,18.5,2016,1394,
Pete,DEMO103,4/6/2026,2:16 PM,Hip Extension,Pull,Hip Extension - Prone,ISO,3,3,276.2,251.0,9.1,253.3,226.5,10.6,1695,1399,
Pete,DEMO103,4/29/2026,2:58 PM,Knee Extension,Pull,Knee Extension - Seated (90),ISO,3,3,525.5,362.6,31.0,459.5,319.2,30.5,3374,1740,
Pete,DEMO103,4/29/2026,2:58 PM,Knee Flexion,Pull,Knee Flexion - Custom,ISO,3,3,331.5,266.7,19.5,293.2,230.1,21.5,2062,1474,
Pete,DEMO103,4/29/2026,2:58 PM,Hip Extension,Pull,Hip Extension - Prone,ISO,3,3,288.5,271.1,6.0,262.9,244.0,7.2,1745,1514,
Pete,DEMO103,5/19/2026,1:47 PM,Knee Extension,Pull,Knee Extension - Seated (90),ISO,3,3,495.4,367.8,25.8,434.8,324.8,25.3,2819,1888,
Pete,DEMO103,5/19/2026,1:47 PM,Knee Flexion,Pull,Knee Flexion - Custom,ISO,3,3,300.7,283.2,5.8,265.5,257.2,3.1,1830,1551,
Pete,DEMO103,5/19/2026,1:47 PM,Hip Extension,Pull,Hip Extension - Prone,ISO,3,3,295.2,274.6,7.0,258.0,238.7,7.5,1765,1552,
Pete,DEMO103,6/10/2026,9:14 AM,Knee Extension,Pull,Knee Extension - Seated (90),ISO,3,3,563.8,403.3,28.5,512.5,368.8,28.0,3626,2114,
Pete,DEMO103,6/10/2026,9:14 AM,Knee Flexion,Pull,Knee Flexion - Custom,ISO,3,3,318.4,267.8,15.9,290.3,233.1,19.7,2036,1422,
Pete,DEMO103,6/10/2026,9:14 AM,Hip Extension,Pull,Hip Extension - Prone,ISO,3,3,274.6,273.4,0.4,253.2,246.9,2.5,1471,1551,
Pete,DEMO103,6/29/2026,1:52 PM,Knee Extension,Pull,Knee Extension - Seated (90),ISO,3,3,557.3,396.4,28.9,517.4,364.3,29.6,3621,1984,
Pete,DEMO103,6/29/2026,1:52 PM,Knee Flexion,Pull,Knee Flexion - Custom,ISO,3,3,316.9,292.3,7.8,290.9,263.2,9.5,1791,1732,
Pete,DEMO103,6/29/2026,1:52 PM,Hip Extension,Pull,Hip Extension - Prone,ISO,3,3,293.6,281.5,4.1,258.2,243.4,5.8,1747,1616,
Pete,DEMO103,7/21/2026,1:20 PM,Knee Extension,Pull,Knee Extension - Seated (90),ISO,3,3,516.9,429.4,16.9,475.4,382.2,19.6,3597,2265,
Pete,DEMO103,7/21/2026,1:20 PM,Knee Flexion,Pull,Knee Flexion - Custom,ISO,3,3,320.8,299.1,6.7,286.1,272.2,4.9,2023,1728,
Pete,DEMO103,7/21/2026,1:20 PM,Hip Extension,Pull,Hip Extension - Prone,ISO,3,3,328.3,316.7,3.5,298.0,276.4,7.3,1973,1647,
Pete,DEMO103,8/11/2026,8:55 AM,Knee Extension,Pull,Knee Extension - Seated (90),ISO,3,3,559.8,450.4,19.5,503.9,402.5,20.1,3493,2347,
Pete,DEMO103,8/11/2026,8:55 AM,Knee Flexion,Pull,Knee Flexion - Custom,ISO,3,3,335.7,317.2,5.5,311.9,289.6,7.1,2072,1818,
Pete,DEMO103,8/11/2026,8:55 AM,Hip Extension,Pull,Hip Extension - Prone,ISO,3,3,324.2,303.2,6.5,296.9,280.5,5.5,1989,1696,
Pete,DEMO103,9/1/2026,8:28 AM,Knee Extension,Pull,Knee Extension - Seated (90),ISO,3,3,547.7,434.8,20.6,498.8,402.5,19.3,3152,2216,
Pete,DEMO103,9/1/2026,8:28 AM,Knee Flexion,Pull,Knee Flexion - Custom,ISO,3,3,324.9,303.3,6.7,280.1,267.5,4.5,2067,1543,
Pete,DEMO103,9/1/2026,8:28 AM,Hip Extension,Pull,Hip Extension - Prone,ISO,3,3,296.0,284.6,3.9,271.6,259.4,4.5,1731,1628,
Pete,DEMO103,9/23/2026,1:36 PM,Knee Extension,Pull,Knee Extension - Seated (90),ISO,3,3,536.4,468.8,12.6,468.5,405.3,13.5,3106,2632,
Pete,DEMO103,9/23/2026,1:36 PM,Knee Flexion,Pull,Knee Flexion - Custom,ISO,3,3,336.4,315.3,6.3,300.8,287.7,4.4,2105,1918,
Pete,DEMO103,9/23/2026,1:36 PM,Hip Extension,Pull,Hip Extension - Prone,ISO,3,3,306.6,304.4,0.7,276.4,262.9,4.9,2045,1824,
