Name,ExternalId,Test Type,Date,Time,BW [KG],Reps,Tags,Additional Load [lb],Eccentric Deceleration Impulse % (Asym) (%),Concentric Mean Force % (Asym) (%),Eccentric Mean Force % (Asym) (%),Concentric Mean Force [N] ,Eccentric Mean Force [N] ,Countermovement Depth [cm] 
Mickey Mouse,DEMO101,SQT,5/5/2025,1:36 PM,84.3,5,,0,0.6 R,0.8 R,1.8 L,932,905,-55.3
Mickey Mouse,DEMO101,SQT,6/18/2025,10:31 AM,84.3,5,,0,2.9 R,1.8 L,0.5 R,886,869,-64.6
Mickey Mouse,DEMO101,SQT,7/28/2025,9:33 AM,84.3,5,,0,1.1 R,0.0 R,2.5 R,935,925,-69.2
Mickey Mouse,DEMO101,SQT,9/8/2025,9:40 AM,84.3,5,,0,3.6 L,1.8 L,0.5 R,891,869,-65.1
Mickey Mouse,DEMO101,SQT,1/5/2026,9:17 AM,84.3,5,,0,18.8 L,12.9 L,12.7 L,919,907,-56.8
Mickey Mouse,DEMO101,SQT,1/26/2026,2:08 PM,84.3,5,,0,13.6 L,9.1 L,9.8 L,918,897,-68.8
Mickey Mouse,DEMO101,SQT,2/16/2026,11:56 AM,84.3,5,,0,9.0 L,7.5 L,6.8 L,880,860,-59.4
Mickey Mouse,DEMO101,SQT,3/9/2026,11:18 AM,84.3,5,,0,8.8 L,3.6 L,5.3 L,874,869,-67.6
Mickey Mouse,DEMO101,SQT,4/1/2026,10:49 AM,84.3,5,,0,3.8 L,4.1 L,3.1 L,945,937,-58.1
Mickey Mouse,DEMO101,SQT,4/22/2026,10:34 AM,84.3,5,,0,4.3 L,5.9 L,1.5 L,898,873,-56.5
Mickey Mouse,DEMO101,SQT,5/11/2026,1:46 PM,84.3,5,,0,3.2 L,3.2 L,2.1 L,951,939,-57.6
Mickey Mouse,DEMO101,SQT,6/2/2026,1:08 PM,84.3,5,,0,3.0 L,0.6 L,3.4 L,886,870,-56.6
Mickey Mouse,DEMO101,SQT,6/22/2026,1:56 PM,84.3,5,,0,1.9 L,2.7 L,2.5 L,902,895,-58.0
Mickey Mouse,DEMO101,SQT,7/15/2026,1:20 PM,84.3,5,,0,4.8 L,2.5 L,1.5 L,877,846,-59.0
Mickey Mouse,DEMO101,SQT,8/3/2026,2:05 PM,84.3,5,,0,4.4 L,3.2 L,2.3 L,934,916,-58.8
Mickey Mouse,DEMO101,SQT,8/24/2026,9:26 AM,84.3,5,,0,1.7 L,1.3 L,2.2 L,911,873,-59.4
Mickey Mouse,DEMO101,SQT,9/16/2026,2:12 PM,84.3,5,,0,5.9 L,3.4 L,0.9 L,914,890,-60.5
Oswald the Lucky Rabbit,DEMO102,SQT,8/5/2025,1:35 PM,84.0,5,,0,3.1 L,1.0 R,2.2 R,933,909,-69.1
Oswald the Lucky Rabbit,DEMO102,SQT,9/17/2025,8:52 AM,84.0,5,,0,0.9 R,3.2 L,0.5 L,918,875,-67.8
Oswald the Lucky Rabbit,DEMO102,SQT,10/27/2025,9:50 AM,84.0,5,,0,0.6 R,2.4 R,2.8 L,892,884,-64.3
Oswald the Lucky Rabbit,DEMO102,SQT,12/10/2025,11:33 AM,84.0,5,,0,0.5 L,2.1 R,2.2 R,937,918,-66.0
Oswald the Lucky Rabbit,DEMO102,SQT,4/7/2026,9:43 AM,84.0,5,,0,21.6 R,11.8 R,9.6 R,942,940,-57.2
Oswald the Lucky Rabbit,DEMO102,SQT,4/27/2026,1:13 PM,84.0,5,,0,14.8 R,8.5 R,7.1 R,930,921,-61.2
Oswald the Lucky Rabbit,DEMO102,SQT,5/20/2026,11:52 AM,84.0,5,,0,10.9 R,7.3 R,7.1 R,872,832,-65.1
Oswald the Lucky Rabbit,DEMO102,SQT,6/8/2026,10:40 AM,84.0,5,,0,7.9 R,6.2 R,5.0 R,920,915,-69.6
Oswald the Lucky Rabbit,DEMO102,SQT,6/29/2026,8:38 AM,84.0,5,,0,7.5 R,1.9 R,4.7 R,920,881,-68.1
Oswald the Lucky Rabbit,DEMO102,SQT,7/21/2026,9:02 AM,84.0,5,,0,8.6 R,0.6 R,3.6 R,885,841,-59.6
Oswald the Lucky Rabbit,DEMO102,SQT,8/10/2026,1:57 PM,84.0,5,,0,6.7 R,2.0 R,1.3 R,896,866,-69.0
Oswald the Lucky Rabbit,DEMO102,SQT,8/31/2026,1:25 PM,84.0,5,,0,3.2 R,4.7 R,2.3 R,901,868,-70.0
Oswald the Lucky Rabbit,DEMO102,SQT,9/21/2026,1:23 PM,84.0,5,,0,5.0 R,3.4 R,4.0 R,919,894,-66.4
Pete,DEMO103,SQT,9/2/2025,1:47 PM,94.0,5,,0,0.8 L,2.7 L,0.2 L,1001,965,-58.4
Pete,DEMO103,SQT,10/14/2025,10:21 AM,94.0,5,,0,5.8 L,0.1 R,0.6 L,1013,977,-56.0
Pete,DEMO103,SQT,11/26/2025,1:18 PM,94.0,5,,0,4.8 L,4.6 R,4.5 R,1037,1033,-62.7
Pete,DEMO103,SQT,1/6/2026,8:57 AM,94.0,5,,0,0.1 L,2.7 L,1.1 R,1052,1003,-58.3
Pete,DEMO103,SQT,5/5/2026,1:51 PM,94.0,5,,0,18.5 L,12.9 L,10.4 L,1022,1007,-68.8
Pete,DEMO103,SQT,5/25/2026,1:27 PM,94.0,5,,0,20.2 L,9.9 L,9.7 L,988,968,-60.6
Pete,DEMO103,SQT,6/16/2026,1:02 PM,94.0,5,,0,15.0 L,9.2 L,7.4 L,969,932,-68.5
Pete,DEMO103,SQT,7/6/2026,2:12 PM,94.0,5,,0,12.3 L,4.9 L,5.8 L,1034,1013,-67.8
Pete,DEMO103,SQT,7/27/2026,9:13 AM,94.0,5,,0,8.7 L,5.7 L,7.4 L,990,958,-55.6
Pete,DEMO103,SQT,8/18/2026,8:59 AM,94.0,5,,0,7.7 L,8.2 L,5.3 L,1018,1017,-66.0
Pete,DEMO103,SQT,9/28/2026,10:14 AM,94.0,5,,0,4.5 L,5.1 L,4.1 L,1056,1039,-65.0
