Name,ExternalId,Test Type,Date,Time,BW [KG],Reps,Tags,Additional Load [lb],Jump Height (Imp-Mom) [cm],Contraction Time [ms] ,Peak Power / BM [W/kg] ,Bodyweight in Pounds [lbs] ,CMJ Stiffness [N/m] ,Vertical Velocity at Takeoff [m/s] ,Eccentric Braking RFD [N/s] ,Positive Impulse [N s] ,Concentric Mean Force [N] ,Concentric Impulse % (Asym) (%),Velocity at Peak Power [m/s] ,Force at Zero Velocity [N] ,Countermovement Depth [cm] ,Eccentric Braking Impulse % (Asym) (%)
Mickey Mouse,DEMO101,CMJ,5/5/2025,2:03 PM,84.3,3,,0,36.6,667,59.63,185.9,5963,2.681,4916,502.1,1741,0.9 L,2.519,1978,-33.2,0.4 L
Mickey Mouse,DEMO101,CMJ,5/20/2025,8:57 AM,84.3,3,,0,34.7,685,51.02,185.9,6206,2.609,4713,503.3,1738,2.9 R,2.460,1956,-31.5,2.8 L
Mickey Mouse,DEMO101,CMJ,6/2/2025,10:14 AM,84.3,3,,0,36.4,743,55.33,185.9,7522,2.671,5288,532.7,1890,2.2 R,2.475,2129,-28.3,0.2 R
Mickey Mouse,DEMO101,CMJ,6/16/2025,2:10 PM,84.3,3,,0,39.4,732,57.88,185.9,8157,2.781,4731,537.2,1964,2.1 R,2.564,2340,-28.7,2.0 R
Mickey Mouse,DEMO101,CMJ,6/30/2025,9:10 AM,84.3,3,,0,35.0,735,55.66,185.9,7358,2.621,4483,525.0,1821,3.3 R,2.491,2145,-29.1,3.0 L
Mickey Mouse,DEMO101,CMJ,7/14/2025,9:22 AM,84.3,3,,0,35.7,714,54.69,185.9,7019,2.648,5127,518.5,1802,0.1 R,2.483,2128,-30.3,1.2 R
Mickey Mouse,DEMO101,CMJ,7/28/2025,11:37 AM,84.3,3,,0,36.4,736,56.68,185.9,8039,2.674,4402,529.9,1919,0.4 L,2.484,2219,-27.6,0.2 R
Mickey Mouse,DEMO101,CMJ,8/13/2025,11:54 AM,84.3,3,,0,37.1,668,57.67,185.9,6586,2.699,4996,503.8,1818,0.8 R,2.524,2041,-31.0,0.7 R
Mickey Mouse,DEMO101,CMJ,8/26/2025,1:20 PM,84.3,3,,0,38.8,735,56.85,185.9,7520,2.758,4964,536.7,1911,0.4 L,2.549,2226,-29.6,2.1 R
Mickey Mouse,DEMO101,CMJ,9/10/2025,1:44 PM,84.3,3,,0,35.3,745,54.76,185.9,7582,2.633,4854,530.3,1868,3.5 L,2.433,2130,-28.1,0.2 L
Mickey Mouse,DEMO101,CMJ,9/23/2025,11:04 AM,84.3,3,,0,38.1,672,55.84,185.9,7696,2.735,5402,508.7,1925,1.8 R,2.555,2212,-28.7,4.5 R
Mickey Mouse,DEMO101,CMJ,10/7/2025,11:17 AM,84.3,3,,0,35.9,722,53.42,185.9,6550,2.653,5093,522.3,1793,2.0 R,2.456,2012,-30.7,0.3 R
Mickey Mouse,DEMO101,CMJ,2/2/2026,8:03 AM,84.3,3,,0,22.1,890,43.53,185.9,8430,2.084,3284,543.9,1657,14.1 L,1.985,1860,-22.1,25.2 L
Mickey Mouse,DEMO101,CMJ,2/9/2026,11:21 AM,84.3,3,,0,25.0,890,47.73,185.9,8878,2.215,3014,555.1,1740,11.6 L,2.142,2013,-22.7,25.1 L
Mickey Mouse,DEMO101,CMJ,2/18/2026,9:17 AM,84.3,3,,0,26.5,938,48.92,185.9,9158,2.278,3560,580.2,1773,11.5 L,2.156,2119,-23.1,23.3 L
Mickey Mouse,DEMO101,CMJ,2/23/2026,8:28 AM,84.3,3,,0,24.1,918,45.38,185.9,8421,2.177,3957,563.4,1668,11.5 L,2.087,2000,-23.7,20.7 L
Mickey Mouse,DEMO101,CMJ,3/2/2026,11:12 AM,84.3,3,,0,27.7,830,48.04,185.9,8678,2.329,3286,539.9,1802,12.5 L,2.214,2036,-23.5,17.4 L
Mickey Mouse,DEMO101,CMJ,3/9/2026,2:18 PM,84.3,3,,0,28.7,827,49.28,185.9,8450,2.373,3664,542.2,1814,10.1 L,2.186,2034,-24.1,15.7 L
Mickey Mouse,DEMO101,CMJ,3/16/2026,1:58 PM,84.3,3,,0,29.1,859,51.27,185.9,9084,2.390,3657,556.9,1847,12.0 L,2.205,2145,-23.6,17.1 L
Mickey Mouse,DEMO101,CMJ,3/23/2026,1:34 PM,84.3,3,,0,30.3,822,50.70,185.9,9133,2.440,3831,545.8,1864,6.9 L,2.252,2211,-24.2,15.1 L
Mickey Mouse,DEMO101,CMJ,4/1/2026,9:57 AM,84.3,3,,0,31.9,772,50.58,185.9,9179,2.504,3879,530.3,1901,8.6 L,2.417,2260,-24.6,12.7 L
Mickey Mouse,DEMO101,CMJ,4/7/2026,9:25 AM,84.3,3,,0,32.0,850,55.89,185.9,8941,2.505,4402,562.8,1902,7.3 L,2.405,2201,-24.6,12.0 L
Mickey Mouse,DEMO101,CMJ,4/13/2026,9:14 AM,84.3,3,,0,31.7,871,52.89,185.9,7645,2.494,3943,570.8,1804,7.6 L,2.389,2053,-26.9,9.5 L
Mickey Mouse,DEMO101,CMJ,4/20/2026,2:45 PM,84.3,3,,0,32.6,790,53.60,185.9,8829,2.530,3681,540.2,1922,5.9 L,2.401,2176,-24.6,12.5 L
Mickey Mouse,DEMO101,CMJ,4/29/2026,11:58 AM,84.3,3,,0,34.0,806,52.32,185.9,6748,2.582,3827,551.3,1754,7.4 L,2.378,2048,-30.3,12.6 L
Mickey Mouse,DEMO101,CMJ,5/5/2026,10:06 AM,84.3,3,,0,30.5,740,52.16,185.9,8038,2.446,4487,512.2,1786,7.0 L,2.299,2113,-26.3,7.3 L
Mickey Mouse,DEMO101,CMJ,5/13/2026,9:43 AM,84.3,3,,0,33.9,750,51.06,185.9,7044,2.580,4586,527.8,1797,5.0 L,2.444,2037,-28.9,3.8 L
Mickey Mouse,DEMO101,CMJ,5/20/2026,1:07 PM,84.3,3,,0,32.6,750,51.98,185.9,7913,2.529,3851,523.3,1835,6.1 L,2.451,2116,-26.7,9.0 L
Mickey Mouse,DEMO101,CMJ,5/25/2026,9:08 AM,84.3,3,,0,34.3,785,53.58,185.9,8438,2.593,4085,543.4,1911,5.3 L,2.405,2207,-26.2,12.4 L
Mickey Mouse,DEMO101,CMJ,6/1/2026,8:02 AM,84.3,3,,0,33.6,707,55.42,185.9,8466,2.566,4297,508.8,1878,3.4 L,2.391,2238,-26.4,7.3 L
Mickey Mouse,DEMO101,CMJ,6/8/2026,11:11 AM,84.3,3,,0,34.2,815,53.83,185.9,7321,2.590,4564,555.4,1824,3.1 L,2.509,2076,-28.4,10.7 L
Mickey Mouse,DEMO101,CMJ,6/17/2026,2:44 PM,84.3,3,,0,34.2,729,56.89,185.9,7194,2.592,4093,520.1,1822,4.0 L,2.449,2049,-28.5,7.6 L
Mickey Mouse,DEMO101,CMJ,6/22/2026,2:05 PM,84.3,3,,0,34.4,768,55.38,185.9,7836,2.598,4016,536.9,1868,5.1 L,2.467,2142,-27.3,2.5 L
Mickey Mouse,DEMO101,CMJ,6/29/2026,10:52 AM,84.3,3,,0,31.6,752,53.15,185.9,7494,2.491,4603,521.1,1768,6.8 L,2.367,2085,-27.8,6.0 L
Mickey Mouse,DEMO101,CMJ,7/6/2026,2:20 PM,84.3,3,,0,34.2,735,55.31,185.9,8118,2.591,5149,522.4,1875,3.3 L,2.500,2194,-27.0,4.0 L
Mickey Mouse,DEMO101,CMJ,7/21/2026,2:28 PM,84.3,3,,0,35.8,751,57.24,185.9,8412,2.650,5070,533.9,1914,3.7 L,2.519,2291,-27.2,7.0 L
Mickey Mouse,DEMO101,CMJ,7/28/2026,10:38 AM,84.3,3,,0,36.7,690,55.37,185.9,8650,2.685,5347,511.9,1970,3.3 L,2.522,2300,-26.6,6.5 L
Mickey Mouse,DEMO101,CMJ,8/4/2026,8:39 AM,84.3,3,,0,36.2,749,54.39,185.9,7438,2.665,5047,534.7,1842,3.7 L,2.534,2196,-29.5,4.7 L
Mickey Mouse,DEMO101,CMJ,8/10/2026,9:54 AM,84.3,3,,0,34.1,754,54.46,185.9,7409,2.586,5087,529.9,1824,3.9 L,2.388,2096,-28.3,8.0 L
Mickey Mouse,DEMO101,CMJ,8/17/2026,8:02 AM,84.3,3,,0,37.1,751,56.88,185.9,8542,2.697,5479,538.2,1986,0.4 R,2.555,2261,-26.5,5.4 L
Mickey Mouse,DEMO101,CMJ,8/24/2026,9:31 AM,84.3,3,,0,34.8,727,52.40,185.9,6740,2.611,5185,520.9,1769,5.5 L,2.484,2058,-30.5,2.0 L
Mickey Mouse,DEMO101,CMJ,8/31/2026,1:34 PM,84.3,3,,0,32.4,730,51.24,185.9,7358,2.521,4141,514.7,1766,4.3 L,2.373,2101,-28.6,1.8 L
Mickey Mouse,DEMO101,CMJ,9/7/2026,11:56 AM,84.3,3,,0,32.6,742,53.64,185.9,6566,2.528,4918,520.1,1724,3.8 L,2.380,1973,-30.0,4.4 L
Mickey Mouse,DEMO101,CMJ,9/15/2026,10:53 AM,84.3,3,,0,34.9,803,53.78,185.9,6972,2.617,4181,552.7,1794,1.2 L,2.473,2082,-29.9,0.6 L
Mickey Mouse,DEMO101,CMJ,9/22/2026,8:20 AM,84.3,3,,0,39.6,750,57.47,185.9,7855,2.786,5236,545.0,1949,5.2 L,2.676,2293,-29.2,1.3 L
Mickey Mouse,DEMO101,CMJ,9/28/2026,2:07 PM,84.3,3,,0,36.9,699,56.48,185.9,7461,2.690,5219,515.8,1865,4.5 L,2.533,2194,-29.4,5.3 L
Oswald the Lucky Rabbit,DEMO102,CMJ,8/4/2025,9:44 AM,84.0,3,,0,39.0,785,58.67,185.1,8443,2.768,5181,555.7,1999,0.1 R,2.565,2309,-27.3,1.3 L
Oswald the Lucky Rabbit,DEMO102,CMJ,8/20/2025,1:08 PM,84.0,3,,0,40.0,760,58.38,185.1,8709,2.803,5192,548.4,2054,3.8 L,2.656,2334,-26.8,2.1 R
Oswald the Lucky Rabbit,DEMO102,CMJ,9/1/2025,9:19 AM,84.0,3,,0,37.6,810,56.94,185.1,7401,2.716,5154,561.8,1863,0.1 L,2.584,2205,-29.8,5.3 L
Oswald the Lucky Rabbit,DEMO102,CMJ,9/16/2025,9:28 AM,84.0,3,,0,40.1,861,57.43,185.1,7509,2.803,4745,589.9,1925,0.9 L,2.593,2249,-29.9,0.9 L
Oswald the Lucky Rabbit,DEMO102,CMJ,9/29/2025,2:14 PM,84.0,3,,0,38.3,798,58.88,185.1,7553,2.740,5729,558.6,1894,0.3 L,2.639,2226,-29.5,1.7 L
Oswald the Lucky Rabbit,DEMO102,CMJ,10/13/2025,11:50 AM,84.0,3,,0,36.4,756,56.57,185.1,8288,2.674,5784,535.9,1921,0.9 L,2.550,2267,-27.4,0.8 L
Oswald the Lucky Rabbit,DEMO102,CMJ,10/27/2025,11:48 AM,84.0,3,,0,39.3,770,57.58,185.1,9076,2.776,4711,550.4,2036,1.1 R,2.621,2423,-26.7,1.7 R
Oswald the Lucky Rabbit,DEMO102,CMJ,11/24/2025,8:54 AM,84.0,3,,0,39.6,809,59.79,185.1,8528,2.789,4189,567.4,2039,2.2 R,2.679,2291,-26.9,3.6 L
Oswald the Lucky Rabbit,DEMO102,CMJ,12/8/2025,9:54 AM,84.0,3,,0,39.3,853,56.36,185.1,7715,2.776,4323,584.2,1941,3.1 L,2.670,2233,-28.9,5.9 R
Oswald the Lucky Rabbit,DEMO102,CMJ,12/24/2025,8:49 AM,84.0,3,,0,41.2,760,58.86,185.1,8101,2.844,5394,552.0,2028,1.0 R,2.627,2284,-28.2,3.4 L
Oswald the Lucky Rabbit,DEMO102,CMJ,1/7/2026,2:07 PM,84.0,3,,0,37.8,872,59.01,185.1,9609,2.722,6033,587.8,2095,1.7 L,2.633,2349,-24.4,1.4 R
Oswald the Lucky Rabbit,DEMO102,CMJ,5/5/2026,1:42 PM,84.0,3,,0,27.0,1006,48.21,185.1,9929,2.303,3551,607.5,1856,15.0 R,2.126,2140,-21.6,23.1 R
Oswald the Lucky Rabbit,DEMO102,CMJ,5/11/2026,10:27 AM,84.0,3,,0,27.8,1013,48.79,185.1,9627,2.334,2960,613.2,1865,15.7 R,2.182,2114,-22.0,22.8 R
Oswald the Lucky Rabbit,DEMO102,CMJ,5/18/2026,1:36 PM,84.0,3,,0,28.4,1010,47.06,185.1,9609,2.362,2989,614.2,1856,11.7 R,2.215,2179,-22.7,23.4 R
Oswald the Lucky Rabbit,DEMO102,CMJ,5/25/2026,9:36 AM,84.0,3,,0,29.7,986,50.32,185.1,9632,2.415,3251,608.7,1916,12.1 R,2.318,2159,-22.4,17.3 R
Oswald the Lucky Rabbit,DEMO102,CMJ,6/1/2026,11:16 AM,84.0,3,,0,30.8,1018,50.11,185.1,9214,2.457,3623,625.5,1892,12.0 R,2.280,2186,-23.7,16.1 R
Oswald the Lucky Rabbit,DEMO102,CMJ,6/10/2026,8:10 AM,84.0,3,,0,32.0,956,50.18,185.1,10451,2.505,3832,604.0,2022,11.1 R,2.376,2296,-22.0,15.9 R
Oswald the Lucky Rabbit,DEMO102,CMJ,6/15/2026,2:18 PM,84.0,3,,0,31.3,972,51.93,185.1,9204,2.478,3939,608.3,1894,12.9 R,2.402,2218,-24.1,16.1 R
Oswald the Lucky Rabbit,DEMO102,CMJ,6/22/2026,1:45 PM,84.0,3,,0,31.2,912,51.47,185.1,8459,2.476,3659,583.6,1849,9.1 R,2.349,2123,-25.1,17.8 R
Oswald the Lucky Rabbit,DEMO102,CMJ,6/29/2026,2:28 PM,84.0,3,,0,31.7,945,53.11,185.1,9222,2.494,3814,598.5,1929,8.9 R,2.331,2178,-23.6,16.9 R
Oswald the Lucky Rabbit,DEMO102,CMJ,7/8/2026,10:23 AM,84.0,3,,0,32.3,909,55.52,185.1,7963,2.516,3954,585.5,1839,7.4 R,2.373,2084,-26.2,12.7 R
Oswald the Lucky Rabbit,DEMO102,CMJ,7/13/2026,11:29 AM,84.0,3,,0,34.2,875,51.74,185.1,9678,2.591,5085,578.0,2003,10.0 R,2.506,2312,-23.9,14.8 R
Oswald the Lucky Rabbit,DEMO102,CMJ,7/20/2026,1:43 PM,84.0,3,,0,34.5,889,53.45,185.1,9257,2.603,3859,584.8,1997,8.0 R,2.420,2245,-24.2,12.8 R
Oswald the Lucky Rabbit,DEMO102,CMJ,7/28/2026,10:12 AM,84.0,3,,0,34.9,925,57.36,185.1,9083,2.618,5081,600.5,1953,9.1 R,2.513,2314,-25.5,11.0 R
Oswald the Lucky Rabbit,DEMO102,CMJ,8/3/2026,9:48 AM,84.0,3,,0,35.7,845,55.03,185.1,8949,2.647,3776,570.2,1980,3.8 R,2.521,2277,-25.4,13.1 R
Oswald the Lucky Rabbit,DEMO102,CMJ,8/10/2026,9:13 AM,84.0,3,,0,35.2,867,54.13,185.1,8340,2.629,4350,577.8,1929,5.3 R,2.432,2189,-26.3,11.0 R
Oswald the Lucky Rabbit,DEMO102,CMJ,8/17/2026,9:58 AM,84.0,3,,0,36.2,823,55.67,185.1,10731,2.665,4783,562.7,2122,6.7 R,2.467,2464,-23.0,6.1 R
Oswald the Lucky Rabbit,DEMO102,CMJ,8/25/2026,8:29 AM,84.0,3,,0,38.2,870,56.42,185.1,8434,2.737,4312,588.1,1983,8.6 R,2.587,2287,-27.1,10.2 R
Oswald the Lucky Rabbit,DEMO102,CMJ,8/31/2026,2:16 PM,84.0,3,,0,37.1,884,54.68,185.1,9448,2.699,4510,590.5,2036,8.4 R,2.567,2384,-25.2,9.0 R
Oswald the Lucky Rabbit,DEMO102,CMJ,9/8/2026,2:44 PM,84.0,3,,0,36.6,869,57.19,185.1,8138,2.680,5153,582.8,1947,3.5 R,2.554,2183,-26.8,8.1 R
Oswald the Lucky Rabbit,DEMO102,CMJ,9/15/2026,8:56 AM,84.0,3,,0,34.9,912,54.84,185.1,8108,2.618,3768,595.6,1869,6.8 R,2.411,2232,-27.5,6.7 R
Oswald the Lucky Rabbit,DEMO102,CMJ,9/23/2026,11:00 AM,84.0,3,,0,35.9,779,54.81,185.1,8409,2.654,4690,543.7,1916,4.9 R,2.541,2276,-27.1,8.3 R
Oswald the Lucky Rabbit,DEMO102,CMJ,9/28/2026,10:15 AM,84.0,3,,0,36.5,826,58.31,185.1,7601,2.674,4490,564.6,1883,3.7 R,2.558,2155,-28.3,9.0 R
Pete,DEMO103,CMJ,9/1/2025,9:43 AM,94.0,3,,0,41.5,735,60.76,207.1,11304,2.853,6771,606.7,2414,1.6 L,2.658,2896,-25.6,2.3 L
Pete,DEMO103,CMJ,9/30/2025,2:35 PM,94.0,3,,0,40.3,765,57.10,207.1,9643,2.813,5465,616.8,2266,0.4 R,2.661,2667,-27.7,1.1 R
Pete,DEMO103,CMJ,10/13/2025,2:53 PM,94.0,3,,0,42.4,728,58.22,207.1,8925,2.884,5523,606.4,2247,0.6 L,2.756,2631,-29.5,2.5 R
Pete,DEMO103,CMJ,10/29/2025,2:08 PM,94.0,3,,0,41.8,752,57.91,207.1,8469,2.863,5051,615.7,2223,0.3 L,2.769,2506,-29.6,0.1 L
Pete,DEMO103,CMJ,11/10/2025,2:06 PM,94.0,3,,0,42.7,733,60.61,207.1,9465,2.894,6809,609.7,2316,0.9 R,2.683,2670,-28.2,7.3 L
Pete,DEMO103,CMJ,11/26/2025,9:36 AM,94.0,3,,0,41.3,722,63.32,207.1,8108,2.847,4673,600.4,2180,0.5 L,2.647,2454,-30.3,3.1 R
Pete,DEMO103,CMJ,12/9/2025,10:13 AM,94.0,3,,0,41.6,762,60.90,207.1,8821,2.858,5824,619.6,2242,2.8 L,2.714,2563,-29.1,5.3 R
Pete,DEMO103,CMJ,1/7/2026,11:37 AM,94.0,3,,0,41.1,741,58.14,207.1,9208,2.841,5934,608.4,2279,0.3 L,2.667,2571,-27.9,0.5 L
Pete,DEMO103,CMJ,1/21/2026,8:13 AM,94.0,3,,0,41.7,759,62.47,207.1,9106,2.859,6102,618.2,2264,0.8 L,2.727,2605,-28.6,5.3 L
Pete,DEMO103,CMJ,2/2/2026,8:21 AM,94.0,3,,0,41.3,757,58.77,207.1,8245,2.845,5084,616.0,2160,0.8 R,2.727,2532,-30.7,1.8 L
Pete,DEMO103,CMJ,6/1/2026,11:25 AM,94.0,3,,0,28.4,979,50.10,207.1,11935,2.361,3953,673.1,2173,14.5 L,2.175,2499,-20.9,25.4 L
Pete,DEMO103,CMJ,6/8/2026,11:32 AM,94.0,3,,0,30.4,974,52.40,207.1,10612,2.441,3936,678.1,2132,15.3 L,2.267,2454,-23.1,26.9 L
Pete,DEMO103,CMJ,6/17/2026,11:06 AM,94.0,3,,0,26.8,949,47.96,207.1,10386,2.291,4285,652.7,2034,14.7 L,2.215,2303,-22.2,18.9 L
Pete,DEMO103,CMJ,6/23/2026,8:17 AM,94.0,3,,0,29.9,986,52.06,207.1,11356,2.422,3757,682.0,2149,13.3 L,2.247,2552,-22.5,23.7 L
Pete,DEMO103,CMJ,6/30/2026,1:17 PM,94.0,3,,0,30.1,918,50.04,207.1,11050,2.430,3588,651.4,2163,11.9 L,2.304,2470,-22.3,20.6 L
Pete,DEMO103,CMJ,7/6/2026,11:01 AM,94.0,3,,0,29.5,921,50.46,207.1,10124,2.404,3922,650.5,2060,12.5 L,2.240,2416,-23.9,20.5 L
Pete,DEMO103,CMJ,7/13/2026,8:57 AM,94.0,3,,0,30.8,954,49.76,207.1,12889,2.459,3663,670.9,2306,13.3 L,2.302,2644,-20.5,19.2 L
Pete,DEMO103,CMJ,7/20/2026,1:03 PM,94.0,3,,0,29.7,918,53.52,207.1,10317,2.415,4491,650.2,2077,9.9 L,2.229,2447,-23.7,17.8 L
Pete,DEMO103,CMJ,7/29/2026,10:01 AM,94.0,3,,0,30.1,932,52.32,207.1,9473,2.428,3987,657.5,2028,8.4 L,2.255,2372,-25.0,17.3 L
Pete,DEMO103,CMJ,8/3/2026,11:58 AM,94.0,3,,0,29.8,938,51.30,207.1,11056,2.418,4977,659.6,2162,11.3 L,2.245,2448,-22.1,18.0 L
Pete,DEMO103,CMJ,8/17/2026,11:24 AM,94.0,3,,0,32.3,941,55.04,207.1,10422,2.519,4591,670.3,2184,10.7 L,2.401,2460,-23.6,16.7 L
Pete,DEMO103,CMJ,8/26/2026,11:07 AM,94.0,3,,0,32.4,916,54.98,207.1,8910,2.520,3598,659.1,2036,10.5 L,2.427,2385,-26.8,14.7 L
Pete,DEMO103,CMJ,8/31/2026,10:01 AM,94.0,3,,0,34.1,913,49.87,207.1,11164,2.586,4551,663.9,2260,9.4 L,2.441,2622,-23.5,12.1 L
Pete,DEMO103,CMJ,9/9/2026,11:42 AM,94.0,3,,0,33.5,792,52.08,207.1,11237,2.565,4815,605.8,2252,8.2 L,2.473,2611,-23.2,18.8 L
Pete,DEMO103,CMJ,9/16/2026,2:08 PM,94.0,3,,0,33.4,880,52.45,207.1,10098,2.560,4165,646.0,2146,8.4 L,2.439,2540,-25.2,12.6 L
Pete,DEMO103,CMJ,9/28/2026,2:13 PM,94.0,3,,0,33.6,879,57.89,207.1,9022,2.566,5064,646.1,2079,9.2 L,2.428,2410,-26.7,10.7 L
